id;caption;template;template_content_type
1;Station;../fake-data/blob/hipster.png;image/png
2;parsing Investment Account;../fake-data/blob/hipster.png;image/png
3;Branding Dynamic black;../fake-data/blob/hipster.png;image/png
4;yellow;../fake-data/blob/hipster.png;image/png
5;Books Generic;../fake-data/blob/hipster.png;image/png
6;robust withdrawal generate;../fake-data/blob/hipster.png;image/png
7;Garden open-source hybrid;../fake-data/blob/hipster.png;image/png
8;Solomon Islands Dollar;../fake-data/blob/hipster.png;image/png
9;Personal Loan Account HTTP;../fake-data/blob/hipster.png;image/png
10;schemas Specialist China;../fake-data/blob/hipster.png;image/png
